{"cameraMode":{"drawMode":0,"name":"Shaded","section":"Shading Mode"},"sceneLighting":true,"audioPlay":false,"sceneViewState":{"m_AlwaysRefresh":false,"showFog":true,"showSkybox":true,"showFlares":true,"showImageEffects":true,"showParticleSystems":true,"showVisualEffectGraphs":true,"m_FxEnabled":true},"in2DMode":false,"pivot":{"x":15.504109382629395,"y":8.252976417541504,"z":-3.8800745010375978},"rotation":{"x":0.09142785519361496,"y":0.13401709496974946,"z":-0.012419428676366806,"w":0.98668372631073},"size":15.041431427001954,"orthographic":false}